Name,index_name,altitude_m,Type,Mean vegetation index value,Mean coefficient of variation of vegetation index,Mean standard deviation of the vegetation index,Mean standard deviation of the standard deviation vegetation index,Total amplitude of vegetation index,Total increase changes of vegetation index,Total decrease changes of vegetation index,Total relative vegetation index amplitude (%),Total relative increase change of vegetation index amplitude (%),Total relative decrease change of vegetation index amplitude (%),Number of increase changes vegetation index,Number of decrease changes vegetation index,Roughness of vegetation index dynamics,Concentration of vegetation index changes,Total normalized temporal amplitude relative to index bounds,Normalized temporal roughness relative to index bounds,Spearman correlation between index level and magnitude of temporal change
Enrosadira 2 Bounded,GNDVI,30,Area,0.75916,0.0976057720893837,0.0731281818181818,0.0189497513536098,0.2496299999999996,0.0626999999999998,0.1869299999999998,0.3443474470060265,0.0811826571126864,0.26316478989334,4,6,0.3735299999999993,0.1637037453094323,0.5406745568595157,0.3434554273862773,-0.8545454545454544
Enrosadira 3 Bounded,GNDVI,30,Area,0.7847745454545454,0.0800776648764289,0.0623445454545454,0.0134110352796764,0.2613399999999998,0.0852899999999998,0.1760499999999999,0.340095475336338,0.105891045569165,0.234204429767173,5,5,0.3728599999999996,0.1313709853208168,0.6734116535893017,0.5394262881062822,-0.7212121212121211
Enrosadira 4 Bounded,GNDVI,30,Area,0.7967181818181818,0.079805299523567,0.0632645454545454,0.0118972117436283,0.25212,0.0915099999999999,0.16061,0.3202191601465872,0.1117919130945926,0.2084272470519945,5,5,0.38573,0.1244248392857507,0.7136742606727476,0.5842991006948659,-0.4303030303030302
Enrosadira 5 Bounded,GNDVI,30,Area,0.7956636363636364,0.0777530588333888,0.0615154545454545,0.0100768699144489,0.20938,0.0543799999999999,0.155,0.2695690499315306,0.0660520373221039,0.2035170126094266,3,7,0.2845500000000001,0.1625584611293795,0.5128457836924443,0.5507133077945529,-0.3818181818181818
Enrosadira 2 Edges,GNDVI,30,Area,0.7368736363636365,0.1292321794527389,0.0937136363636363,0.0233460241894534,0.3601000000000002,0.12137,0.2387300000000001,0.504597962447416,0.1598950145459707,0.3447029479014451,5,5,0.5493900000000005,0.1235702693279759,0.8546691739944348,0.435308344521624,-0.7212121212121211
Enrosadira 3 Edges,GNDVI,30,Area,0.7571481818181819,0.1134596878596352,0.0848545454545454,0.0214331347980813,0.2975500000000001,0.11208,0.18547,0.4010650765920115,0.1435791604482213,0.2574859161437902,5,5,0.4028299999999999,0.1226995390942797,0.7724874145985362,0.486173696052362,-0.5515151515151515
Enrosadira 4 Edges,GNDVI,30,Area,0.7745827272727271,0.0985615755537576,0.0759290909090909,0.0124169613469201,0.2904099999999999,0.12656,0.1638499999999999,0.3776872448703637,0.158920707006502,0.2187665378638617,5,5,0.4360099999999999,0.1266051808046819,0.8423578323646597,0.6620853005590104,-0.4787878787878787
Enrosadira 5 Edges,GNDVI,30,Area,0.7665972727272727,0.1168395272704339,0.0889818181818181,0.0156624543531221,0.26225,0.0911699999999999,0.17108,0.3468822222303355,0.1145291904301726,0.2323530318001628,3,7,0.3676199999999998,0.1470723999705561,0.6803416796430817,0.7250741056580425,-0.2848484848484848
Polonez 2 Bounded,GNDVI,30,Area,0.737569090909091,0.0965104912130791,0.0705199999999999,0.0137015174342114,0.3182899999999998,0.1164799999999999,0.2018099999999999,0.4420722173859392,0.1527628583889196,0.2893093589970195,5,5,0.4768499999999999,0.1470843054163099,0.7804354120749738,0.5990110399949697,-0.5515151515151515
Polonez 3 Bounded,GNDVI,30,Area,0.7577536363636365,0.0892150362114688,0.0672690909090909,0.0114059339420719,0.2637399999999997,0.0947799999999998,0.1689599999999999,0.3528692166193694,0.1216550340806371,0.2312141825387322,5,5,0.3887699999999996,0.129159074072188,0.6603796325226491,0.5331371007816852,-0.7818181818181817
Polonez 4 Bounded,GNDVI,30,Area,0.7722100000000001,0.0827501045613249,0.0635818181818181,0.0104394643714913,0.2660399999999999,0.0954399999999999,0.1705999999999999,0.3503263575266584,0.1204204864206138,0.2299058711060445,5,5,0.3890099999999996,0.1351759036758484,0.6900700849258713,0.6001380994989878,-0.9515151515151514
Polonez 5 Bounded,GNDVI,30,Area,0.7788181818181819,0.0818759638342459,0.06333,0.0107788375996672,0.1841800000000001,0.04241,0.14177,0.246195526929851,0.0534173585306559,0.1927781683991951,5,5,0.2264500000000001,0.1890218828618328,0.3987396264084912,0.298528449832955,-0.6727272727272726
Polonez 2 Edges,GNDVI,30,Area,0.7215454545454545,0.1192377645859379,0.084610909090909,0.0204288929971966,0.3989300000000001,0.14058,0.2583500000000001,0.5755952999175856,0.1873137259801737,0.3882815739374118,5,5,0.6059300000000002,0.1482016426880013,0.9530516708983536,0.7089597022004495,-0.7212121212121211
Polonez 3 Edges,GNDVI,30,Area,0.7336281818181818,0.1291023896249735,0.0942345454545454,0.0207509881035271,0.3229000000000001,0.12553,0.19737,0.4467003214594542,0.1658412175798915,0.2808591038795627,4,6,0.51566,0.1441498225521056,0.7981166404354538,0.6787912071187869,-0.6969696969696969
Polonez 4 Edges,GNDVI,30,Area,0.7513045454545455,0.1159178888670898,0.0869409090909091,0.0168792745427909,0.2598600000000001,0.09896,0.1609,0.3489724659391046,0.1277872594948063,0.2211852064442982,4,6,0.3930699999999999,0.1363090062721906,0.6600307206195397,0.6103899483826355,-0.7212121212121211
Polonez 5 Edges,GNDVI,30,Area,0.7605818181818182,0.1042911337132749,0.07911,0.0095375489513815,0.20539,0.05805,0.14734,0.2773907035334145,0.0741776715298482,0.2032130320035662,3,7,0.23217,0.1504993115796103,0.4703992515739091,0.3940125062796891,-0.5151515151515151
Enrosadira 2 Bounded,GNDVI,50,Area,0.7554936363636364,0.0832212548677924,0.0620245454545454,0.0162016939630622,0.2209899999999999,0.0437299999999999,0.1772599999999999,0.3096639488157836,0.0567314213705524,0.2529325274452311,4,6,0.2928099999999998,0.2101633341029136,0.4445638277440171,0.3254139721357774,-0.6969696969696969
Enrosadira 3 Bounded,GNDVI,50,Area,0.7750054545454546,0.0705058662746516,0.0541836363636363,0.0115330258585743,0.2103099999999997,0.0492499999999999,0.1610599999999998,0.281024701317988,0.0621603698731279,0.2188643314448601,5,5,0.25198,0.1774430919986541,0.4562094149872476,0.4714180877174879,-0.3575757575757575
Enrosadira 4 Bounded,GNDVI,50,Area,0.7906227272727272,0.069571185703221,0.0547636363636363,0.0103368218256166,0.1794299999999999,0.0459399999999999,0.13349,0.2326392825072791,0.0569202724233344,0.1757190100839446,5,5,0.2172800000000001,0.1622128479458081,0.4143982610071149,0.2874887469440123,-0.4181818181818181
Enrosadira 5 Bounded,GNDVI,50,Area,0.7879872727272729,0.0676846272912545,0.0531463636363636,0.0081352630845317,0.1887899999999999,0.0453799999999999,0.1434099999999999,0.245058239657137,0.0558882032395746,0.1891700364175624,3,7,0.2400999999999998,0.1657141339817519,0.4306950766194029,0.5198789779750199,-0.6242424242424242
Enrosadira 2 Edges,GNDVI,50,Area,0.7316972727272727,0.1143954385817793,0.0823690909090909,0.0211630515070702,0.2928400000000001,0.08164,0.2112,0.4168681983770933,0.1077927450338999,0.3090754533431933,5,5,0.4222200000000001,0.1489093702952742,0.6494231182840509,0.4117444597594621,-0.309090909090909
Enrosadira 3 Edges,GNDVI,50,Area,0.7508563636363637,0.095025832503147,0.0705918181818181,0.0179005697217612,0.2272699999999999,0.0714,0.1558699999999999,0.3128384505405814,0.0919571805913392,0.2208812699492422,5,5,0.2585799999999999,0.1762709611176838,0.5414585939218804,0.4442800856630763,-0.1878787878787878
Enrosadira 4 Edges,GNDVI,50,Area,0.7661690909090908,0.0883706833580846,0.0673163636363636,0.0110956327198833,0.2088300000000003,0.0756700000000001,0.1331600000000001,0.2790507389993804,0.0964583783997886,0.1825923605995917,6,4,0.2089800000000004,0.1610030659755868,0.5346257743526799,0.3324586066713858,-0.309090909090909
Enrosadira 5 Edges,GNDVI,50,Area,0.7622827272727274,0.1023741009246144,0.0779127272727272,0.0139755572990196,0.1969199999999999,0.0654299999999999,0.13149,0.2614543175159481,0.0834496716129179,0.1780046459030302,5,5,0.3076500000000003,0.1636063806343054,0.481854095926638,0.4537279092792077,-0.0787878787878787
Polonez 2 Bounded,GNDVI,50,Area,0.7362200000000001,0.0798166934566936,0.0583299999999999,0.009880269227101,0.2340299999999999,0.0732199999999999,0.16081,0.3283162510804301,0.0967463461438464,0.2315699049365837,5,5,0.2734700000000002,0.1735092094846327,0.5335620245314322,0.2817200509053301,-0.309090909090909
Polonez 3 Bounded,GNDVI,50,Area,0.7495036363636363,0.0776525093571387,0.0579481818181818,0.0090864721627062,0.1968999999999999,0.05959,0.1373099999999999,0.2698172201250213,0.0779565257485217,0.1918606943764995,5,5,0.1988999999999999,0.1679136003689487,0.4450635574977624,0.2276900201490332,-0.3939393939393939
Polonez 4 Bounded,GNDVI,50,Area,0.7656845454545455,0.0708697517454309,0.0540436363636363,0.0080171993523016,0.1871899999999999,0.0497199999999999,0.1374699999999999,0.2530954221939595,0.0637933003926694,0.18930212180129,5,5,0.2198099999999997,0.1869243988745795,0.4148752757976219,0.2906371783444307,-0.6484848484848483
Polonez 5 Bounded,GNDVI,50,Area,0.7754454545454545,0.0675741796919712,0.0521190909090909,0.0084148540742492,0.1666700000000002,0.03867,0.1280000000000001,0.2230105369685097,0.0489809917701903,0.1740295451983194,5,5,0.2011700000000004,0.1886341357591159,0.3578934876909335,0.2229026342282937,-0.5151515151515151
Polonez 2 Edges,GNDVI,50,Area,0.72727,0.0942171974518655,0.0675790909090909,0.0165012668935118,0.3208200000000001,0.11128,0.20954,0.4549825895442476,0.1474989930229381,0.3074835965213095,6,4,0.4563399999999998,0.1504111959752345,0.763153513244346,0.4554620846883368,-0.4424242424242424
Polonez 3 Edges,GNDVI,50,Area,0.73379,0.1094658552205404,0.0798627272727272,0.0175076006870782,0.2508100000000001,0.09174,0.15907,0.352248032508357,0.1227050203723491,0.2295430121360078,7,3,0.3162700000000003,0.1765923064587511,0.5948796008173223,0.2781754856191438,-0.6727272727272726
Polonez 4 Edges,GNDVI,50,Area,0.7456936363636365,0.1045668218601287,0.0776299999999999,0.0147390271049347,0.2331599999999999,0.0789999999999999,0.1541599999999999,0.32222144348837,0.1033017229088948,0.2189197205794751,4,6,0.2936099999999999,0.1708646458374887,0.554905324622657,0.5116497565376544,-0.6484848484848483
Polonez 5 Edges,GNDVI,50,Area,0.7585927272727272,0.0901727759376871,0.0682863636363636,0.0105368176151314,0.2091600000000001,0.06645,0.1427100000000001,0.2822329556164821,0.0852939359353948,0.1969390196810872,4,6,0.2443800000000001,0.1476848253965327,0.4978077268739713,0.4576845185701075,-0.6848484848484848
Enrosadira 2 Bounded,LCI,30,Area,0.3976918181818182,0.2172352180865086,0.0847472727272727,0.0178941493739764,0.55058,0.2341499999999999,0.31643,1.462818879251297,0.5458730078739007,0.9169458713773964,5,5,0.87094,0.1396977086531243,1.3293596477164282,1.2528658510691912,-0.2727272727272727
Enrosadira 3 Bounded,LCI,30,Area,0.4235927272727273,0.2071972523561762,0.0865381818181818,0.0159308667800479,0.5151500000000001,0.22225,0.2929,1.256104476921153,0.4869137395763801,0.7691907373447727,5,5,0.7922100000000003,0.1297538128624826,1.1789278654420705,0.8145048280429614,-0.2969696969696969
Enrosadira 4 Bounded,LCI,30,Area,0.4491463636363637,0.2074277463497189,0.0922572727272727,0.0164070942527365,0.51312,0.22972,0.2834,1.1669316385478052,0.4737540822952309,0.6931775562525743,5,5,0.7768000000000002,0.1298149019069215,1.139678567891273,0.6818160660036953,-0.3333333333333332
Enrosadira 5 Bounded,LCI,30,Area,0.4530754545454545,0.1993118826374028,0.089170909090909,0.0162390168757504,0.5124799999999999,0.2140699999999999,0.2984099999999999,1.161871137191992,0.4359372809425272,0.7259338562494649,4,6,0.76799,0.1249031122002193,1.1472686612995018,0.5846600868659271,-0.3212121212121211
Enrosadira 2 Edges,LCI,30,Area,0.3942418181818182,0.2492236903481963,0.0965045454545454,0.0218435900728961,0.6448600000000001,0.28931,0.35555,1.6955785344129723,0.6669747642203941,1.028603770192578,5,5,0.99704,0.126476726201089,1.543513176035468,1.164725629098082,-0.0424242424242424
Enrosadira 3 Edges,LCI,30,Area,0.4092345454545455,0.2378660138674183,0.0960227272727272,0.0194919999440329,0.57549,0.2603,0.3151899999999999,1.447978549140895,0.5822838290689429,0.8656947200719519,5,5,0.8542699999999999,0.1302709931713647,1.3388113029900908,1.0029032217101168,-0.1393939393939393
Enrosadira 4 Edges,LCI,30,Area,0.4365081818181818,0.2249370403138976,0.0973018181818181,0.0191421654042492,0.5990500000000001,0.28565,0.3134,1.380124506430057,0.5962273618137747,0.7838971446162822,5,5,0.90089,0.1244448570153166,1.334357825433128,0.6636592790180887,-0.0303030303030303
Enrosadira 5 Edges,LCI,30,Area,0.4318436363636362,0.2315972873197535,0.0985227272727272,0.0190676669212093,0.56236,0.2514099999999999,0.31095,1.3147852224284855,0.5282952532470421,0.7864899691814436,4,6,0.7956999999999999,0.1199714896851254,1.2669473914834186,0.5438369626200508,-0.309090909090909
Polonez 2 Bounded,LCI,30,Area,0.3616790909090909,0.2349880832590967,0.0831481818181818,0.0155025016163081,0.5594599999999998,0.2595099999999999,0.2999499999999999,1.6133432815018964,0.6519584483631046,0.961384833138792,5,5,0.9329999999999996,0.1451028133595008,1.3933540397160469,1.3087199600491175,-0.3333333333333332
Polonez 3 Bounded,LCI,30,Area,0.3831954545454545,0.2248698838901711,0.084810909090909,0.0174614755702635,0.48895,0.2204999999999999,0.26845,1.2959733143592107,0.5206406222218978,0.775332692137313,5,5,0.74014,0.1447307240709944,1.1584150983386496,0.9352293881574348,0.1515151515151515
Polonez 4 Bounded,LCI,30,Area,0.40623,0.2249662568306809,0.0898018181818181,0.0163564035277819,0.52505,0.2336099999999999,0.29144,1.3360424731763194,0.520903830011251,0.8151386431650685,5,5,0.80602,0.154884182106953,1.239091752144577,1.0073381795355174,-0.3696969696969697
Polonez 5 Bounded,LCI,30,Area,0.4257518181818182,0.2077407445749907,0.0869345454545454,0.0143305473472832,0.4508499999999998,0.1903699999999999,0.2604799999999999,1.1101748960685385,0.4138570673641292,0.6963178287044093,5,5,0.6725799999999997,0.1542919333091196,1.0495327210104926,0.8014965861180015,-0.4909090909090908
Polonez 2 Edges,LCI,30,Area,0.3614045454545454,0.2629896771663125,0.0927390909090909,0.0203799825586507,0.6214000000000001,0.28251,0.33889,1.7993032430902434,0.7037990238157799,1.0955042192744635,5,5,0.98862,0.1350860355713279,1.5682858344830946,1.2797548568066843,-0.406060606060606
Polonez 3 Edges,LCI,30,Area,0.3768536363636363,0.2715919945915071,0.1003436363636363,0.0234707103738797,0.50838,0.23485,0.27353,1.3782585528181446,0.5652647811784558,0.8129937716396888,5,5,0.8044200000000001,0.1448144751543113,1.2155174577914414,0.937539391916584,-0.2121212121212121
Polonez 4 Edges,LCI,30,Area,0.4044645454545454,0.2681184439560267,0.1072227272727272,0.024444256213233,0.48446,0.22539,0.25907,1.2052462427209365,0.5089118220237229,0.6963344206972136,5,5,0.7361200000000001,0.1357051383988733,1.1014592954565254,0.7068534577592743,0.2484848484848484
Polonez 5 Edges,LCI,30,Area,0.4167236363636364,0.2399327787093964,0.0987754545454545,0.0193759894527409,0.47835,0.20834,0.27001,1.1783246871245463,0.4600036769070762,0.7183210102174704,5,5,0.68257,0.1280023845076751,1.0996560678006917,0.6688875551618869,-0.5272727272727272
Enrosadira 2 Bounded,LCI,50,Area,0.3713745454545454,0.2209292127849631,0.0794181818181818,0.016631403319132,0.5059800000000001,0.21188,0.2941,1.3939512122417916,0.5155914522502888,0.8783597599915027,5,5,0.6304599999999999,0.1423717951701538,1.2429806441175415,1.238583381114779,0.3454545454545454
Enrosadira 3 Bounded,LCI,50,Area,0.3925336363636363,0.2081552761491436,0.0795718181818181,0.0131709003626797,0.43976,0.18284,0.25692,1.1084391965384437,0.4081825867624459,0.7002566097759978,3,7,0.42041,0.1600702966249902,1.0333689884543118,0.5071799332753584,0.0787878787878787
Enrosadira 4 Bounded,LCI,50,Area,0.4218818181818182,0.2119447673475789,0.087930909090909,0.0160194359791757,0.3783399999999999,0.15957,0.2187699999999999,0.8898654239696577,0.3411493180420398,0.548716105927618,4,6,0.34757,0.1566077254723517,0.8502457143769485,0.4069375538564992,0.103030303030303
Enrosadira 5 Bounded,LCI,50,Area,0.4187827272727272,0.203868035527388,0.0839618181818181,0.017195373109172,0.4269,0.17739,0.24951,1.0212091322490005,0.3869835436663381,0.6342255885826622,3,7,0.491,0.132771418432723,0.9642622501918706,0.5017215486141895,0.2727272727272727
Enrosadira 2 Edges,LCI,50,Area,0.3665945454545454,0.2590235088702058,0.0920672727272727,0.02187019071289,0.51635,0.2227,0.2936499999999999,1.4340260122423285,0.5503812477712811,0.8836447644710475,5,5,0.6120099999999999,0.1328273225757864,1.2630365038560785,1.1567470458466094,0.3818181818181818
Enrosadira 3 Edges,LCI,50,Area,0.3776436363636364,0.2403681901057279,0.08855,0.0168214214619335,0.4856299999999999,0.2146999999999999,0.2709299999999999,1.2696259137218902,0.5016612268087468,0.7679646869131432,4,6,0.4523599999999998,0.1363840386148476,1.146015508982971,0.5597088425502951,0.3212121212121211
Enrosadira 4 Edges,LCI,50,Area,0.4064636363636363,0.2367689963924372,0.0945345454545454,0.0191467168797349,0.46952,0.21769,0.25183,1.127887724260075,0.4762237072394175,0.6516640170206579,4,6,0.3841,0.1347581286526719,1.0566537521779915,0.3258943208802514,0.5393939393939393
Enrosadira 5 Edges,LCI,50,Area,0.3998736363636363,0.2400994792376974,0.0937881818181818,0.0204187432611225,0.45877,0.21035,0.24842,1.1398439943248149,0.4762063781516504,0.6636376161731644,3,7,0.53646,0.1368798385624266,1.0440063032749003,0.6648430778201367,0.3212121212121211
Polonez 2 Bounded,LCI,50,Area,0.3437463636363636,0.22959138900715,0.0763036363636363,0.0140189209803945,0.47882,0.21541,0.26341,1.4057630041880906,0.5638815150654517,0.8418814891226389,5,5,0.6064199999999998,0.1428255953299951,1.1965384346206336,1.167416862090174,0.3939393939393939
Polonez 3 Bounded,LCI,50,Area,0.3581672727272727,0.2229335573307791,0.0773527272727272,0.0147192738210205,0.4610499999999999,0.2134299999999999,0.2476199999999999,1.2660275001363743,0.529935353147977,0.7360921469883973,4,6,0.4800599999999997,0.141254389540357,1.099874369899943,0.6701880160975321,0.2969696969696969
Polonez 4 Bounded,LCI,50,Area,0.38331,0.2206325885146595,0.0824263636363636,0.0141041378841298,0.45619,0.20004,0.25615,1.1858805161306434,0.4685505699950743,0.7173299461355691,4,6,0.4229200000000001,0.141259179795075,1.0726953391557794,0.5619430507308354,0.1151515151515151
Polonez 5 Bounded,LCI,50,Area,0.4022018181818181,0.2030557919554358,0.0800654545454545,0.0132013388439478,0.44655,0.19795,0.2486,1.1104113278899974,0.4459793357609727,0.6644319921290246,4,6,0.50016,0.1389639674082997,1.0240456783246128,0.8036720362049761,0.0424242424242424
Polonez 2 Edges,LCI,50,Area,0.3499454545454545,0.2616464985069576,0.0886236363636363,0.0207332791775576,0.51945,0.2412,0.27825,1.5191265648665326,0.6293460915673749,0.8897804732991577,6,4,0.7257399999999999,0.1378968327460756,1.2876390273846194,1.4493069450943254,0.4787878787878787
Polonez 3 Edges,LCI,50,Area,0.3589309090909091,0.2710691287703848,0.0936972727272727,0.0213911664436089,0.4711600000000001,0.221,0.25016,1.3247326639892445,0.5621192849272395,0.7626133790620051,5,5,0.46636,0.1337373122579743,1.1325663190290949,0.799172026678871,0.0545454545454545
Polonez 4 Edges,LCI,50,Area,0.3801672727272727,0.2737357238018394,0.1013145454545454,0.0232451983702597,0.4569099999999999,0.2044499999999999,0.2524599999999999,1.2018721988769312,0.4877217526141485,0.7141504462627828,5,5,0.3552700000000001,0.1310946496464587,1.072082927110407,0.4176644320531786,0.006060606060606
Polonez 5 Edges,LCI,50,Area,0.3951454545454546,0.242751772618438,0.0944881818181818,0.0198954541632915,0.43629,0.19435,0.24194,1.103394053679904,0.4463257512702778,0.6570683024096262,4,6,0.43591,0.1354475493045249,1.006123658066319,0.5645193498801494,0.1999999999999999
Enrosadira 2 Bounded,MCARI,30,Area,0.8253809090909091,0.2612753607756869,0.2111063636363636,0.037793013712253,1.26192,0.58401,0.67791,1.4816174086407283,0.608263380409827,0.8733540282309012,4,6,1.94738,0.1446275411626799,-11.736452551248227,47.003899307918566,0.7575757575757575
Enrosadira 3 Bounded,MCARI,30,Area,0.8939945454545456,0.2127743935895625,0.1874036363636363,0.0319907887594936,1.17841,0.55729,0.62112,1.2640704348773366,0.5308597839481315,0.7332106509292052,3,7,1.89016,0.1700825939671045,12.279990978676874,34.439995198896185,0.9030303030303028
Enrosadira 4 Bounded,MCARI,30,Area,0.86696,0.2116689593411506,0.17883,0.0287825082298259,1.31617,0.64364,0.67253,1.415460139058321,0.6009098489604555,0.8145502900978655,4,6,2.08031,0.1944795267967265,3.500190549621791,14.008861711884403,0.8787878787878788
Enrosadira 5 Bounded,MCARI,30,Area,0.9143572727272729,0.1976594881629726,0.1757145454545454,0.0295413091665336,1.4422700000000004,0.7388600000000002,0.7034100000000002,1.4574623921934815,0.6547479826790448,0.802714409514437,5,5,2.404980000000001,0.1861709149336526,-6.406715957726468,17.406722067474433,0.7575757575757575
Enrosadira 2 Edges,MCARI,30,Area,0.6987127272727273,0.4217031983514504,0.2869190909090909,0.0366320320087612,1.21246,0.55572,0.65674,1.704400242806806,0.6917009780439562,1.0126992647628497,5,5,1.7589100000000002,0.1309095344221974,4.735581841827407,6.670531691685283,0.709090909090909
Enrosadira 3 Edges,MCARI,30,Area,0.7860745454545455,0.3511399836367367,0.2697463636363636,0.0375891171145924,1.36746,0.68812,0.6793399999999999,1.6647562660297686,0.747310732108853,0.9174455339209154,4,6,2.05186,0.1361489215493808,34.880106398910414,66.44653763170534,0.709090909090909
Enrosadira 4 Edges,MCARI,30,Area,0.7661018181818182,0.3602783474286625,0.2694190909090909,0.02250541243992,1.3663700000000003,0.7008400000000001,0.6655300000000002,1.6320775263906728,0.7249391777166418,0.907138348674031,4,6,2.1518000000000006,0.180554532067685,-2.6410848515939858,22.52378597515041,0.709090909090909
Enrosadira 5 Edges,MCARI,30,Area,0.8196054545454544,0.3123454277242867,0.2522781818181819,0.0293472761319281,1.2822300000000002,0.67652,0.6057100000000001,1.4551293409167294,0.6772092552201259,0.7779200856966036,5,5,2.05783,0.1788480910182635,-401.71969644814106,806.5505823957718,0.5878787878787878
Polonez 2 Bounded,MCARI,30,Area,0.8755881818181819,0.2460811002873391,0.2133554545454545,0.0353844639251851,0.87821,0.42052,0.45769,0.988784727598746,0.4369338752541336,0.5518508523446123,4,6,1.34519,0.1434130107689809,24.896483743571785,47.95517357770178,0.6969696969696969
Polonez 3 Bounded,MCARI,30,Area,0.9122390909090908,0.2310424849200555,0.2091472727272727,0.0272142066174669,1.0363100000000005,0.5111000000000002,0.5252100000000002,1.0949945041319444,0.4914467382360571,0.6035477658958872,4,6,1.7335200000000008,0.1610973820345116,-8.562459418931898,21.82405332143175,0.5757575757575757
Polonez 4 Bounded,MCARI,30,Area,0.9037,0.2089499529376624,0.1858890909090909,0.0225225018390699,1.08095,0.55589,0.52506,1.112900275511507,0.515662783412036,0.597237492099471,2,8,1.6706,0.1862812103374444,-11.943453574230116,25.70519584010922,0.5878787878787878
Polonez 5 Bounded,MCARI,30,Area,0.9051827272727272,0.1977564333994632,0.1747281818181818,0.0265751146067827,1.29914,0.6545,0.64464,1.3541459856444544,0.6075326851502227,0.7466133004942317,3,7,2.0040700000000005,0.1653138090004922,-10.20021271273365,23.87960950467822,0.3939393939393939
Polonez 2 Edges,MCARI,30,Area,0.7758263636363636,0.3710698310171551,0.2852554545454545,0.0268315479850255,0.7912600000000001,0.36685,0.42441,1.0160620026097316,0.4323214915849203,0.5837405110248113,5,5,1.08195,0.1404730332804959,3.1925159629833835,4.1651902796580815,0.2848484848484848
Polonez 3 Edges,MCARI,30,Area,0.7820054545454546,0.3819356763793538,0.2967063636363636,0.0308877924988909,0.8167699999999999,0.4054099999999999,0.4113599999999999,1.006165916197283,0.459187082264872,0.5469788339324108,5,5,1.28489,0.1648912407595565,5.585195483624894,9.295786113385343,0.7212121212121211
Polonez 4 Edges,MCARI,30,Area,0.761459090909091,0.3963406729318503,0.2974136363636363,0.0294371415978954,1.0342699999999996,0.5269299999999998,0.5073399999999998,1.281560573258399,0.5881365352802246,0.6934240379781744,5,5,1.6165299999999994,0.1710867161096897,-43.95151860496612,94.48224611093823,0.7454545454545454
Polonez 5 Edges,MCARI,30,Area,0.8099581818181819,0.3380860917758611,0.2678154545454545,0.0262123228133778,1.18613,0.61878,0.56735,1.3655564339877766,0.6285142940467627,0.7370421399410138,5,5,2.01643,0.1823692092460075,0.3022232423124646,18.50362797560888,0.7212121212121211
Enrosadira 2 Bounded,MCARI,50,Area,0.7532927272727273,0.2533423438029224,0.1873872727272727,0.0377030479115174,0.8816499999999998,0.3870699999999999,0.4945799999999999,1.1709887239501544,0.4677970594889868,0.7031916644611675,5,4,1.3613,0.1595880687883797,4.045898238124799,5.84056842450217,0.4303030303030302
Enrosadira 3 Bounded,MCARI,50,Area,0.8560236363636363,0.1917272291624,0.1625218181818181,0.0304971191485955,0.9575399999999996,0.4619299999999998,0.4956099999999999,1.1027667490926718,0.4881989786951722,0.6145677703974997,4,5,1.5008299999999997,0.151180266659052,-2.250975871181284,13.199335627173229,0.309090909090909
Enrosadira 4 Bounded,MCARI,50,Area,0.8099672727272726,0.1990470533141763,0.1567072727272727,0.0265329761206349,1.1618500000000005,0.56866,0.5931900000000001,1.3870884610888132,0.6053607255971997,0.7817277354916137,5,4,1.66911,0.1767253171791535,-0.5437645990017087,6.3720782247992,0.2969696969696969
Enrosadira 5 Bounded,MCARI,50,Area,0.8596681818181818,0.1807402830614199,0.1497545454545454,0.0274233493080755,1.1194799999999998,0.5775699999999999,0.5419099999999999,1.2615905789411874,0.5789273791885516,0.6826631997526358,6,3,1.5771099999999996,0.2025449990806453,0.4380632527584667,4.704930891153554,0.1757575757575757
Enrosadira 2 Edges,MCARI,50,Area,0.6542936363636364,0.406223206205916,0.2614118181818182,0.0313973905980041,0.7373800000000003,0.3201900000000001,0.4171900000000001,1.1224636897487374,0.4383142319513435,0.6841494577973939,4,5,1.226220000000001,0.174101074188936,1.910239029416669,2.5453361264103163,0.1878787878787878
Enrosadira 3 Edges,MCARI,50,Area,0.7561872727272728,0.3312241983979304,0.2465154545454545,0.0253775804061917,0.94747,0.51236,0.43511,1.2544348820189053,0.6130241430014667,0.6414107390174386,5,4,1.55003,0.1661102274887348,4.406359951037761,6.985573368156325,-0.2242424242424242
Enrosadira 4 Edges,MCARI,50,Area,0.7210972727272726,0.3570211643731627,0.2531363636363636,0.0212807703209856,1.09118,0.57839,0.51279,1.454035379793549,0.6850789303083104,0.7689564494852387,5,4,1.7528599999999996,0.1738907947093234,20.953082162861246,39.84045544615602,0.1878787878787878
Enrosadira 5 Edges,MCARI,50,Area,0.7671072727272729,0.305743494743352,0.2298881818181818,0.0283217964889877,1.08845,0.58058,0.50787,1.436225381516564,0.6894385885277841,0.7467867929887798,5,4,1.5744700000000005,0.1464156714841294,-3.0465169362221918,12.28834416382782,0.0787878787878787
Polonez 2 Bounded,MCARI,50,Area,0.7922709090909091,0.2251668834630138,0.1778663636363636,0.0242159456857366,0.60573,0.3018499999999999,0.30388,0.7677940970497241,0.3627590018622287,0.4050350951874953,5,4,1.02704,0.1351997674951586,2.4941439733924566,3.7695540549737374,0.1151515151515151
Polonez 3 Bounded,MCARI,50,Area,0.8471663636363637,0.2081395101278023,0.1757745454545454,0.0182797425384693,0.5906000000000001,0.30827,0.2823300000000001,0.6787429568712875,0.3353611105203233,0.3433818463509641,5,4,0.9766500000000002,0.1723485813241403,17.095964840586916,32.79831720426732,0.4424242424242424
Polonez 4 Bounded,MCARI,50,Area,0.8378854545454545,0.186472846877486,0.1537090909090909,0.017457512110576,0.81573,0.43262,0.3831099999999999,0.9289913248262064,0.4565673507574225,0.4724239740687838,5,4,1.27761,0.1812098685094985,-1.3775517667305084,7.501176339704591,0.4545454545454545
Polonez 5 Bounded,MCARI,50,Area,0.8359781818181818,0.1854729124662808,0.1508145454545454,0.0231570612831751,0.9065499999999996,0.4590399999999999,0.4475099999999998,1.0453453420696834,0.4853713558006239,0.5599739862690595,5,4,1.1829999999999994,0.1791423554011333,-0.5520103319697037,5.360579604646505,0.2363636363636363
Polonez 2 Edges,MCARI,50,Area,0.7031490909090908,0.3546523451330284,0.2485609090909091,0.0268875404061232,0.4426700000000002,0.1896500000000001,0.2530200000000001,0.6489981057095913,0.2631631722014765,0.3858349335081147,6,3,0.6876800000000006,0.1647130745710258,1.081309392647109,1.2363405528985187,-0.2121212121212121
Polonez 3 Edges,MCARI,50,Area,0.7396499999999999,0.346139277178589,0.2537172727272727,0.0276518285438446,0.64701,0.35688,0.29013,0.8538711639431842,0.4440276171718533,0.4098435467713308,5,4,0.9028,0.150766116761399,2.5531673531602714,3.657592001412617,0.3454545454545454
Polonez 4 Edges,MCARI,50,Area,0.7307863636363637,0.3486917438090709,0.250460909090909,0.0244485003444159,0.7686900000000001,0.4481900000000001,0.3205,0.9801105088938766,0.5325282390685437,0.4475822698253328,5,4,1.1288100000000003,0.1852863065017812,12.235264020268792,22.95047791150222,0.4181818181818181
Polonez 5 Edges,MCARI,50,Area,0.7479518181818182,0.3232076277862663,0.237740909090909,0.0296080889131823,0.79704,0.45404,0.3429999999999999,1.0407941011152209,0.5409550872534463,0.4998390138617745,6,3,1.21012,0.1847160657485996,-64.4397754771936,132.4218756172321,0.1757575757575757
Enrosadira 2 Bounded,MCARI2,30,Area,0.7453918181818182,0.1713716080716332,0.1250272727272727,0.038995631060648,0.7074599999999998,0.3506399999999998,0.3568199999999999,0.9681252174701392,0.4480210442401938,0.5201041732299453,4,6,0.99357,0.132029897700732,2.208425037171565,2.3607876288792324,-0.5030303030303029
Enrosadira 3 Bounded,MCARI2,30,Area,0.8030545454545455,0.1053449603595352,0.0835772727272727,0.0246067535814495,0.6948999999999997,0.3641799999999998,0.3307199999999999,0.8578472372830297,0.4296106659808039,0.4282365713022258,4,6,0.8438299999999997,0.1175473462153107,2.9388774897942955,3.4420941189883223,-0.5757575757575757
Enrosadira 4 Bounded,MCARI2,30,Area,0.8037936363636363,0.0951540951608524,0.0757490909090909,0.0133145014585942,0.6107399999999998,0.3390799999999999,0.2716599999999999,0.7467563576133551,0.3992010956098322,0.3475552620035229,4,6,0.8340499999999997,0.134189019273027,2.835809065720521,4.152919773073382,-0.1393939393939393
Enrosadira 5 Bounded,MCARI2,30,Area,0.8290236363636364,0.0822561528426703,0.0675545454545454,0.0144225305433106,0.4946200000000004,0.2890400000000002,0.2055800000000002,0.5808445082552788,0.3309148227406899,0.2499296855145888,5,5,0.6604600000000004,0.1503656649335617,2.912699252450611,4.453237509677033,0.1151515151515151
Enrosadira 2 Edges,MCARI2,30,Area,0.6435472727272727,0.3294275471733672,0.2046627272727272,0.0408282213893549,0.7849300000000001,0.38,0.40493,1.255585329671601,0.5443971682984814,0.7111881613731196,5,5,1.24132,0.1557297588338999,2.0748145016591653,2.47092835083221,-0.309090909090909
Enrosadira 3 Edges,MCARI2,30,Area,0.7120227272727272,0.2548734982827492,0.17603,0.0453506687933044,0.8078899999999999,0.4400699999999999,0.3678199999999999,1.1137576510412392,0.5722564078376899,0.5415012432035493,5,5,1.16118,0.1341918356916469,2.585760644978096,2.792530044077629,-0.2848484848484848
Enrosadira 4 Edges,MCARI2,30,Area,0.7137018181818182,0.2570307458463818,0.1799345454545454,0.0335618409398639,0.7500899999999998,0.4275699999999999,0.3225199999999999,1.0399720285499592,0.5658047863177997,0.4741672422321595,6,4,1.0178299999999998,0.126438116142528,2.3102119867962747,2.023525014388504,-0.1878787878787878
Enrosadira 5 Edges,MCARI2,30,Area,0.7467318181818182,0.2292657226426182,0.1692063636363636,0.0252189088870741,0.6219700000000001,0.3684200000000001,0.25355,0.8012986250355405,0.4566369750076371,0.3446616500279034,5,5,0.9120400000000002,0.1538987258763371,2.3741747213996525,2.918541256884824,0.4545454545454545
Polonez 2 Bounded,MCARI2,30,Area,0.7519818181818182,0.16407581434811,0.1205272727272727,0.036772559902979,0.7638499999999999,0.4029199999999999,0.36093,0.998411326638629,0.5026324088829511,0.4957789177556778,4,6,0.8326499999999999,0.1113278979971478,2.646242501701648,2.310894755499165,-0.3212121212121211
Polonez 3 Bounded,MCARI2,30,Area,0.7859472727272727,0.137062743861493,0.1069109090909091,0.0164153802603201,0.6254900000000001,0.34815,0.27734,0.7847437194633609,0.4208028403421824,0.3639408791211784,4,6,0.8241600000000001,0.1292049031033649,2.4446017853698048,2.515933363387884,-0.3818181818181818
Polonez 4 Bounded,MCARI2,30,Area,0.7979327272727272,0.102784513005557,0.0813890909090909,0.0124647089452946,0.5461099999999999,0.3231999999999999,0.2229099999999999,0.6722910486003928,0.3877606632731156,0.2845303853272772,5,5,0.7135899999999996,0.1327784934077744,2.3695735833510128,2.6669661853007764,-0.406060606060606
Polonez 5 Bounded,MCARI2,30,Area,0.8065781818181819,0.0963268748286708,0.0772263636363636,0.0113640470543968,0.4915899999999997,0.2894299999999998,0.2021599999999999,0.5949455992101942,0.3428223086766143,0.2521232905335799,5,5,0.5750399999999997,0.131403265022274,2.277676858085439,2.502565600889008,0.1999999999999999
Polonez 2 Edges,MCARI2,30,Area,0.6775372727272727,0.2906290272384826,0.1926727272727272,0.0363872947856553,0.7805099999999998,0.3922399999999999,0.3882699999999999,1.1342876055835516,0.534620263238405,0.5996673423451466,4,6,0.8687599999999996,0.1109903282811228,2.1981733679662305,1.6525493600435517,-0.2363636363636363
Polonez 3 Edges,MCARI2,30,Area,0.6882272727272727,0.297210801225223,0.2027145454545454,0.0211428216487943,0.7311999999999999,0.3941499999999999,0.3370499999999999,1.036163171454564,0.5267923240922836,0.5093708473622806,4,6,1.0032899999999996,0.1309436699780702,2.137753218469148,2.28387445067035,-0.0424242424242424
Polonez 4 Edges,MCARI2,30,Area,0.6832963636363637,0.307889318520582,0.208680909090909,0.021269102216382,0.66604,0.3692999999999999,0.29674,0.9548244610245156,0.4982005647899613,0.4566238962345541,4,6,1.02481,0.1509855649512631,1.931681028064099,2.4231902931438065,-0.1757575757575757
Polonez 5 Edges,MCARI2,30,Area,0.7251709090909091,0.2527599465483002,0.1820854545454545,0.0209936739822434,0.4600699999999997,0.2824899999999999,0.1775799999999998,0.6152259333922359,0.3656778305842291,0.2495481028080068,5,5,0.7258799999999996,0.1726929481471827,1.521345941382544,1.9573829990364549,0.1515151515151515
Enrosadira 2 Bounded,MCARI2,50,Area,0.72652,0.1605942383217111,0.1156618181818181,0.0346464165010414,0.4265,0.20845,0.2180499999999999,0.5850656994531154,0.2728432780090216,0.3122224214440938,4,5,0.58587,0.150548596292789,1.223121276054212,1.690228606991182,0.0666666666666666
Enrosadira 3 Bounded,MCARI2,50,Area,0.797440909090909,0.0903362609377431,0.0717381818181818,0.0236686893672555,0.4904,0.27141,0.21899,0.611481154329159,0.3293604201865303,0.2821207341426287,5,4,0.5387199999999999,0.1255868523946892,1.9300804198971937,2.410694718080874,-0.2606060606060606
Enrosadira 4 Bounded,MCARI2,50,Area,0.7900518181818182,0.086556578307218,0.0680618181818182,0.0121342002770531,0.44374,0.25783,0.18591,0.555990000215355,0.3145978593110171,0.2413921409043379,5,4,0.5905400000000002,0.1465678581238151,1.8064167450646649,2.75080567859586,0.2121212121212121
Enrosadira 5 Bounded,MCARI2,50,Area,0.817269090909091,0.0732664662447252,0.0594390909090909,0.0112265181196535,0.46896,0.28281,0.18615,0.5652656592264912,0.3324795897982177,0.2327860694282735,4,5,0.66588,0.1503056534004961,2.4254457781317487,3.766796548711893,-0.1999999999999999
Enrosadira 2 Edges,MCARI2,50,Area,0.63716,0.3078841195481349,0.1908436363636363,0.0403772020508423,0.5607900000000001,0.26992,0.2908700000000001,0.8497583779665123,0.3738519166113093,0.475906461355203,3,6,0.7746000000000001,0.191216895575034,1.5140335332636643,2.359616272599377,0.103030303030303
Enrosadira 3 Edges,MCARI2,50,Area,0.7166772727272727,0.2306483003410766,0.1605090909090909,0.0351141129617552,0.6621800000000002,0.3918800000000001,0.2703000000000001,0.871077746459341,0.4927862856789669,0.3782914607803741,4,5,1.0550000000000002,0.1922007221926224,2.4036441324892817,3.893014034321018,0.0787878787878787
Enrosadira 4 Edges,MCARI2,50,Area,0.7046318181818182,0.2526780780029036,0.1748663636363636,0.0345133421368395,0.60089,0.36638,0.23451,0.8277970588799493,0.4868723890902393,0.34092466978971,5,4,0.86789,0.1622322133112428,1.907842619774332,2.5368264349358816,-0.006060606060606
Enrosadira 5 Edges,MCARI2,50,Area,0.7373545454545454,0.2174845241024997,0.15836,0.0244264025185863,0.6183399999999999,0.3749199999999999,0.2434199999999999,0.8213088178988606,0.4757141112226908,0.3455947066761697,4,5,0.9536099999999996,0.158588214817104,2.2764051718673928,3.317250527767021,-0.0909090909090908
Polonez 2 Bounded,MCARI2,50,Area,0.7303809090909091,0.1473411154340301,0.1068254545454545,0.020792704183745,0.49361,0.28562,0.20799,0.6656616487690024,0.3748633051472289,0.2907983436217735,5,4,0.55215,0.1433369202928325,1.557311047815205,1.4090824095114565,0.1757575757575757
Polonez 3 Bounded,MCARI2,50,Area,0.7732745454545455,0.1212395529634803,0.0930918181818181,0.0164173541218929,0.45579,0.27978,0.17601,0.583697816897753,0.3520501043895078,0.2316477125082451,5,4,0.5118500000000007,0.1402894878999124,1.6585126845803413,1.4544834036535672,-0.1757575757575757
Polonez 4 Bounded,MCARI2,50,Area,0.7826454545454545,0.0918098655894922,0.0713154545454545,0.0109103752122796,0.41188,0.26344,0.14844,0.5177993454418057,0.3268614820281608,0.1909378634136448,5,4,0.4605300000000002,0.1385412053409296,1.662571776742341,1.9997279070075853,-0.0303030303030303
Polonez 5 Bounded,MCARI2,50,Area,0.789010909090909,0.0903013089736062,0.0706836363636363,0.0078377347144787,0.4418499999999999,0.2724799999999999,0.16937,0.5488249210242616,0.3313021409736288,0.2175227800506327,4,5,0.6114599999999999,0.1502190606637617,1.9014497095912453,2.7851640057704667,-0.0181818181818181
Polonez 2 Edges,MCARI2,50,Area,0.6613190909090908,0.2729627933575623,0.178970909090909,0.024010242170601,0.5592500000000002,0.2876900000000001,0.2715600000000001,0.8347739366035228,0.4045783993898965,0.4301955372136263,5,4,0.7345900000000005,0.1554124257594017,1.466491321156686,1.5151782933470093,0.1272727272727272
Polonez 3 Edges,MCARI2,50,Area,0.6896054545454544,0.2626614208384052,0.1777927272727272,0.0287335936112798,0.6060000000000001,0.36578,0.2402200000000001,0.8637494229191897,0.4981723194759023,0.3655771034432873,4,5,0.9449300000000004,0.169513924016164,1.8239394198474397,2.624585960368383,-0.3939393939393939
Polonez 4 Edges,MCARI2,50,Area,0.6902554545454546,0.2632780562471576,0.1785618181818181,0.0258376441720919,0.5612000000000001,0.36213,0.19907,0.80380987231443,0.5018306602316566,0.3019792120827735,5,4,0.7882800000000003,0.1594992554900938,1.6746676394736717,2.273884328034605,-0.5151515151515151
Polonez 5 Edges,MCARI2,50,Area,0.712300909090909,0.2342825173051635,0.1652781818181818,0.0245260420036261,0.4242100000000001,0.29322,0.13099,0.5853685824116488,0.394436986817389,0.1909315955942598,4,5,0.6123300000000002,0.183389661476505,1.3911710877789771,1.925056222522653,-0.1878787878787878
Enrosadira 2 Bounded,NDRE,30,Area,0.2743018181818182,0.2488132796096092,0.0670163636363636,0.0137176508723084,0.4512,0.1961799999999999,0.25502,1.7530830085443914,0.6543716034450542,1.0987114050993372,5,5,0.7120500000000001,0.140654959509079,1.3798991944709105,1.5723726276531522,-0.2484848484848484
Enrosadira 3 Bounded,NDRE,30,Area,0.2925363636363636,0.2457909384584465,0.070880909090909,0.0126850277528631,0.42249,0.1839299999999999,0.23856,1.5041429458257332,0.5767467246556589,0.9273962211700744,5,5,0.6508700000000001,0.1316950678766376,1.1978569589891983,1.078285203960488,-0.3454545454545454
Enrosadira 4 Bounded,NDRE,30,Area,0.3141718181818182,0.2488840277996702,0.0774618181818181,0.0136621914919838,0.4369799999999999,0.1967199999999999,0.2402599999999999,1.4310651816088789,0.5722244707915832,0.8588407108172957,5,5,0.6644899999999998,0.1298207940322846,1.1588817571144012,0.9405806109843068,-0.2484848484848484
Enrosadira 5 Bounded,NDRE,30,Area,0.3168427272727273,0.2408323193457142,0.0753272727272727,0.0134555305290494,0.4415099999999999,0.18672,0.2547899999999999,1.437784119511695,0.534292459842758,0.9034916596689369,4,6,0.6624399999999999,0.1234718695841258,1.19092601451579,0.8573620326391325,-0.3939393939393939
Enrosadira 2 Edges,NDRE,30,Area,0.2776263636363636,0.2751033889445791,0.0752745454545454,0.0171048071393023,0.5256400000000001,0.24061,0.28503,1.9839972888898405,0.7795145167749153,1.2044827721149252,5,5,0.8047700000000001,0.1297537745717613,1.5539387701124834,1.546060933868475,-0.1878787878787878
Enrosadira 3 Edges,NDRE,30,Area,0.2863527272727272,0.2699288054057019,0.0763218181818181,0.0159788083524284,0.4664899999999998,0.2108399999999999,0.2556499999999999,1.6984835967472272,0.6674679423522821,1.031015654394945,5,5,0.6982699999999998,0.1352867251010249,1.3401659742675789,1.3457470887246852,-0.0787878787878787
Enrosadira 4 Edges,NDRE,30,Area,0.3078454545454545,0.2646766355326195,0.0808581818181818,0.0170026043994335,0.50104,0.23762,0.26342,1.6477918716576356,0.6929314203811945,0.9548604512764411,5,5,0.7706000000000001,0.1265334478227487,1.3173830136321525,1.0811151199421607,0.2363636363636363
Enrosadira 5 Edges,NDRE,30,Area,0.3044027272727272,0.2631963070483495,0.07896,0.0156953853090645,0.47255,0.21139,0.26116,1.5757102000797782,0.620722252804905,0.9549879472748732,4,6,0.66211,0.1193426417483084,1.2759287198848346,0.839748366424481,-0.2606060606060606
Polonez 2 Bounded,NDRE,30,Area,0.2458063636363636,0.270526816290086,0.0649963636363636,0.0124570648812047,0.4269299999999999,0.1993099999999999,0.2276199999999999,1.8287336679466264,0.7290566146509022,1.0996770532957243,5,5,0.7211699999999999,0.1484696119975654,1.3743631206866749,1.6085517284058384,-0.2606060606060606
Polonez 3 Bounded,NDRE,30,Area,0.2609054545454545,0.261459028027018,0.0670818181818181,0.0136436789893208,0.3925599999999999,0.1780399999999999,0.2145199999999999,1.536854764705613,0.6096112244408604,0.9272435402647528,5,5,0.5945799999999999,0.1431647883359237,1.1790400637572718,1.1861558370729042,0.1878787878787878
Polonez 4 Bounded,NDRE,30,Area,0.2791327272727272,0.2670779945566932,0.0732054545454545,0.0131238076514678,0.42807,0.19088,0.23719,1.5971868173171384,0.6098191591073967,0.9873676582097416,5,5,0.6599100000000001,0.1520223959140923,1.265431954406807,1.2737118685843962,-0.1636363636363636
Polonez 5 Bounded,NDRE,30,Area,0.2950427272727273,0.2476177931597017,0.0717372727272727,0.0114750172905395,0.3737199999999998,0.1593099999999999,0.2144099999999999,1.3380839963826368,0.4923233782499629,0.8457606181326739,5,5,0.5647599999999997,0.1516274283007301,1.0816319832433647,1.0536075537601426,-0.4545454545454545
Polonez 2 Edges,NDRE,30,Area,0.2501845454545454,0.3015069985478911,0.0737736363636363,0.015703998390682,0.4750799999999999,0.2190199999999999,0.2560599999999999,1.9933554664317383,0.7783881120940949,1.2149673543376434,5,5,0.76092,0.1386511460411458,1.520190083980382,1.5223038424675053,-0.3696969696969697
Polonez 3 Edges,NDRE,30,Area,0.2619436363636364,0.3063164178755861,0.0786745454545454,0.0168640774213334,0.3958,0.18406,0.21174,1.549273374939185,0.6304815140414242,0.9187918608977608,5,5,0.6248500000000001,0.1452768904216863,1.1790095982280309,1.140823100134366,-0.0666666666666666
Polonez 4 Edges,NDRE,30,Area,0.2842572727272727,0.3132012521764036,0.0880463636363636,0.0195012908663643,0.38961,0.18227,0.20734,1.3825709705107243,0.5791537037831801,0.8034172667275444,5,5,0.59423,0.1357047168585203,1.0696482480705751,0.9054122052169749,0.2242424242424242
Polonez 5 Edges,NDRE,30,Area,0.2922145454545455,0.2834156088646123,0.0817263636363636,0.0166487905102606,0.4004199999999999,0.1757199999999999,0.2246999999999999,1.4113906274871513,0.5446328319318998,0.8667577955552515,5,5,0.56952,0.1260095011221684,1.1264326071536284,0.9090380079580044,-0.3333333333333332
Enrosadira 2 Bounded,NDRE,50,Area,0.2444963636363636,0.263086637027174,0.0615027272727272,0.0127691574435505,0.4793700000000001,0.21108,0.26829,2.162278556931821,0.7813063933173512,1.3809721636144698,6,4,0.69408,0.1658510737983596,1.674678174682023,2.259271691197726,0.2969696969696969
Enrosadira 3 Bounded,NDRE,50,Area,0.2676809090909091,0.2461438111748502,0.0642245454545454,0.0104958881126242,0.41651,0.18042,0.23609,1.5734785889815377,0.592563196095401,0.9809153928861364,4,6,0.55053,0.1425870854578725,1.2416956062721924,1.0813424040266555,0.0545454545454545
Enrosadira 4 Bounded,NDRE,50,Area,0.2920690909090909,0.2496829595869889,0.0718045454545454,0.0127555284983699,0.376,0.16468,0.21132,1.297288829126014,0.5066731500564382,0.790615679069576,5,5,0.4852899999999999,0.139484694714803,1.0355273398844187,0.8798471617981961,-0.006060606060606
Enrosadira 5 Bounded,NDRE,50,Area,0.2901354545454545,0.2413281109592042,0.0687,0.013296528870348,0.47203,0.20721,0.26482,1.638566256601813,0.6352738013127855,1.0032924552890274,4,6,0.6658400000000002,0.1210838655197545,1.3121012157848335,0.8916342876183427,0.6
Enrosadira 2 Edges,NDRE,50,Area,0.2462736363636363,0.2932504617112752,0.0697818181818182,0.0174606682679568,0.50499,0.22984,0.27515,2.308189601178172,0.8572946994501849,1.4508949017279873,6,4,0.71492,0.1598924324971237,1.770113676868391,2.3477515825706483,0.2484848484848484
Enrosadira 3 Edges,NDRE,50,Area,0.2567318181818181,0.2725450025956398,0.0683454545454545,0.0145704065582511,0.45181,0.20369,0.24812,1.80423004832584,0.7024366612443018,1.101793387081538,5,5,0.61038,0.1386999559350918,1.3907963364585252,1.4202680822501916,0.2242424242424242
Enrosadira 4 Edges,NDRE,50,Area,0.2826245454545455,0.2710207835619103,0.0755136363636363,0.0184897562302628,0.454,0.21252,0.24148,1.5948252277289203,0.6639204461567361,0.9309047815721844,5,5,0.55382,0.1261027964835335,1.2457640822551537,0.9842830292555252,0.5151515151515151
Enrosadira 5 Edges,NDRE,50,Area,0.2779427272727273,0.2679799047493208,0.0725581818181818,0.0163947581977788,0.47951,0.22378,0.25573,1.7346547858864023,0.7142453982521471,1.0204093876342557,4,6,0.67523,0.1239404745708775,1.3476651278719338,1.0548555645470123,0.3333333333333332
Polonez 2 Bounded,NDRE,50,Area,0.22577,0.2726383605786863,0.0590554545454545,0.0103760564412847,0.4083799999999999,0.1866499999999999,0.2217299999999999,1.8749055827123409,0.7349503595552423,1.1399552231570982,6,4,0.5893600000000001,0.1536748336993016,1.3936562834984634,1.857706168638986,0.3696969696969697
Polonez 3 Bounded,NDRE,50,Area,0.2402872727272727,0.2611951316923606,0.0607218181818181,0.011153526633475,0.36485,0.16968,0.1951699999999999,1.483528204618516,0.6083192573263501,0.8752089472921661,4,6,0.4702300000000002,0.1514971711882812,1.1131680033238978,1.2130714875089583,0.3818181818181818
Polonez 4 Bounded,NDRE,50,Area,0.2622509090909091,0.2601948045602882,0.0665390909090909,0.0111214427612117,0.3735899999999999,0.1647499999999999,0.2088399999999999,1.4238224579174017,0.552078761635318,0.8717436962820837,4,6,0.39229,0.143947265075625,1.1092062645079297,0.8747431642619484,0.3575757575757575
Polonez 5 Bounded,NDRE,50,Area,0.2780072727272727,0.2385241760406463,0.0648272727272727,0.0101719605690437,0.3863899999999999,0.1730299999999999,0.2133599999999999,1.421409021500994,0.5564853984135729,0.8649236230874211,4,6,0.5165799999999998,0.151393931301155,1.1174854303921036,1.038995289033451,0.2848484848484848
Polonez 2 Edges,NDRE,50,Area,0.2313681818181818,0.311744741588443,0.0695590909090909,0.0157728148753134,0.43123,0.20491,0.22632,1.9993426647995145,0.7997840407884996,1.199558624011015,6,4,0.6315999999999999,0.1649825825958943,1.479406297664344,2.113684798002234,0.3818181818181818
Polonez 3 Edges,NDRE,50,Area,0.2456345454545455,0.3125833616290918,0.0739645454545454,0.0159617820832364,0.37723,0.17702,0.20021,1.5529728900908126,0.642068355414768,0.9109045346760448,6,4,0.5004900000000001,0.1458723286881123,1.1578212325152302,1.4148300631267428,0.1272727272727272
Polonez 4 Edges,NDRE,50,Area,0.2651772727272727,0.3169466207468862,0.0821363636363636,0.0181142829130646,0.37319,0.1665,0.20669,1.4218019816986929,0.5605656245548803,0.8612363571438126,6,4,0.40098,0.1403549750161835,1.1005826316109604,0.936178679205551,0.1636363636363636
Polonez 5 Edges,NDRE,50,Area,0.2765318181818182,0.2822738917868317,0.0767290909090909,0.0169807063778545,0.4115,0.18542,0.22608,1.519480139286273,0.6021864297362567,0.9172937095500162,5,5,0.52294,0.1349548145731248,1.1872703235876023,0.9528975668148,0.3575757575757575
Enrosadira 2 Bounded,NDVI,30,Area,0.86338,0.0871008992493271,0.0744299999999999,0.0285270061520658,0.1795900000000001,0.06214,0.11745,0.2110436151226414,0.071006758787856,0.1400368563347853,5,5,0.2247900000000006,0.1436704291463847,0.6529212322141479,0.3760853451361758,-0.4666666666666666
Enrosadira 3 Bounded,NDVI,30,Area,0.8885545454545455,0.054974917662114,0.0486681818181818,0.0155942424106987,0.1603300000000002,0.0697000000000001,0.0906300000000001,0.1809432758960552,0.077351731443519,0.1035915444525361,5,5,0.2129000000000003,0.1259379506939019,0.810686825151153,0.9971058857762618,-0.5515151515151515
Enrosadira 4 Bounded,NDVI,30,Area,0.8975600000000002,0.0500359976751922,0.04484,0.0086264732075164,0.1477499999999998,0.0714799999999998,0.0762699999999999,0.1641301327258528,0.0783008568199279,0.0858292759059248,4,6,0.2273799999999995,0.1541879919033673,0.9098686697146005,1.2255684413046404,-0.3818181818181818
Enrosadira 5 Bounded,NDVI,30,Area,0.9014563636363636,0.0456962546934369,0.041130909090909,0.0075232884492693,0.1251099999999999,0.05423,0.0708799999999999,0.1389255570567147,0.0593782373375926,0.0795473197191221,5,5,0.1930699999999998,0.1410252287873971,0.7072232164928031,0.9282176746789422,-0.4545454545454545
Enrosadira 2 Edges,NDVI,30,Area,0.8300645454545453,0.1430268451133217,0.1166363636363636,0.0393834757919428,0.2809100000000002,0.1037800000000001,0.1771300000000001,0.340870487537466,0.1210659524577955,0.2198045350796704,4,6,0.3985400000000004,0.1271699969398594,1.0271516319116152,0.9635679557681724,-0.006060606060606
Enrosadira 3 Edges,NDVI,30,Area,0.8555409090909091,0.1140229996342699,0.0962572727272727,0.0370261429508689,0.2378900000000002,0.1139200000000001,0.1239700000000001,0.2788179570177849,0.130235425587606,0.1485825314301788,4,6,0.2995300000000005,0.1506621168248238,1.1042552753286468,1.201146685813281,-0.5151515151515151
Enrosadira 4 Edges,NDVI,30,Area,0.8744336363636364,0.0885707454285879,0.0769763636363636,0.0193948195519975,0.2326299999999999,0.1292299999999999,0.1033999999999999,0.2643508532142229,0.145005087007403,0.1193457662068199,4,6,0.3182599999999996,0.1427117006057697,1.3299701795858976,1.2026888215297415,-0.3939393939393939
Enrosadira 5 Edges,NDVI,30,Area,0.8664590909090908,0.1195489867824824,0.1030481818181818,0.0242333187236836,0.2151200000000002,0.1080900000000001,0.10703,0.2476287674622914,0.1217082614628113,0.12592050599948,4,6,0.3572200000000005,0.1779616963508893,1.1013833475754915,1.3371020684485244,-0.0424242424242424
Polonez 2 Bounded,NDVI,30,Area,0.8502181818181819,0.0828451996266087,0.0700290909090909,0.0176007184254197,0.2318500000000001,0.11008,0.12177,0.2732946365557203,0.1272440288750142,0.1460506076807061,4,6,0.3114300000000001,0.1214981651044618,0.9653522884467004,0.9651868465948216,-0.7939393939393938
Polonez 3 Bounded,NDVI,30,Area,0.8689763636363637,0.070153659593882,0.0608627272727272,0.0098844009337026,0.1625599999999999,0.0778799999999999,0.0846799999999999,0.1866963973476949,0.0882440419846918,0.098452355363003,5,5,0.2443899999999996,0.1275164164097859,0.7653653891441908,0.9575100756066476,-0.0787878787878787
Polonez 4 Bounded,NDVI,30,Area,0.8811518181818182,0.054354641776179,0.0478290909090909,0.0070994837200256,0.15398,0.07677,0.07721,0.1741135354765644,0.0857302119989426,0.0883833234776217,4,6,0.2295899999999999,0.1416571154987613,0.8270018596167077,1.157321011205192,-0.0424242424242424
Polonez 5 Bounded,NDVI,30,Area,0.8864918181818182,0.0558005878267439,0.0493945454545454,0.0069568403224975,0.1301900000000002,0.0600800000000001,0.0701100000000001,0.1468274058773323,0.0669053983828129,0.0799220074945193,4,6,0.1748000000000004,0.1371784103189131,0.6697179138508546,0.8504254994078124,-0.4787878787878787
Polonez 2 Edges,NDVI,30,Area,0.8254027272727275,0.1267402677938683,0.1030645454545454,0.0331748610739024,0.3443999999999998,0.1429599999999998,0.2014399999999999,0.42447443893148,0.1687021169775854,0.2557723219538946,5,5,0.4836999999999997,0.1276202835883511,1.2014119123692617,1.011518517345284,-0.8545454545454544
Polonez 3 Edges,NDVI,30,Area,0.8326627272727273,0.1440552238354988,0.1193663636363636,0.0296000068488935,0.2585,0.12333,0.13517,0.3094524359702697,0.1439853101830585,0.1654671257872111,5,5,0.4297299999999999,0.1491311561643014,1.0373637895141554,1.3936763140229798,-0.1515151515151515
Polonez 4 Edges,NDVI,30,Area,0.8502327272727271,0.1180634050811407,0.1000618181818182,0.0264874165664308,0.2060000000000001,0.1063900000000001,0.09961,0.2406958378864714,0.1224565427959861,0.1182392950904852,5,5,0.3497800000000004,0.132433485719672,0.9361375636700524,1.2933997183206225,0.4545454545454545
Polonez 5 Edges,NDVI,30,Area,0.8641009090909091,0.10045050294967,0.0867654545454545,0.014708081699281,0.1251700000000002,0.0624000000000001,0.0627700000000001,0.1443584415069752,0.0711728398588652,0.07318560164811,5,5,0.1834400000000006,0.1514231832691878,0.5804965529101458,0.6188660412865123,0.1393939393939393
Enrosadira 2 Bounded,NDVI,50,Area,0.8609863636363637,0.0736962597218898,0.0628181818181818,0.0242473651427043,0.1794400000000002,0.0566300000000001,0.12281,0.2133759615368275,0.0651120193093483,0.1482639422274791,4,5,0.2427200000000006,0.1750233090057361,0.587016584462217,0.6677371779976493,-0.8787878787878788
Enrosadira 3 Bounded,NDVI,50,Area,0.8814736363636364,0.0485720133119761,0.0426254545454545,0.0153100701263164,0.1489600000000002,0.0579900000000001,0.0909700000000001,0.1699147299885864,0.0649186958886679,0.1049960340999184,5,4,0.1586400000000004,0.1377164974687369,0.6538146046979867,0.4532638182869273,-0.0181818181818181
Enrosadira 4 Bounded,NDVI,50,Area,0.8924472727272726,0.0431360461358871,0.0384454545454545,0.0068149620155014,0.12904,0.05703,0.07201,0.1445601197897117,0.0630321087155533,0.0815280110741584,5,4,0.1766600000000001,0.1412571960654461,0.6858037331945901,0.7508889669806121,0.4909090909090908
Enrosadira 5 Bounded,NDVI,50,Area,0.8955754545454545,0.0398116024364485,0.0356181818181818,0.0056168315235225,0.1201599999999999,0.05169,0.0684699999999999,0.1342229769044192,0.0569812000779869,0.0772417768264322,4,5,0.18936,0.1439465117304757,0.6385282228314592,0.955945054368067,0.1757575757575757
Enrosadira 2 Edges,NDVI,50,Area,0.83062,0.1254135935049031,0.1019545454545454,0.0395813191704461,0.27706,0.0920699999999999,0.18499,0.3427837907653968,0.1087311624589227,0.2340526283064741,4,5,0.39094,0.156610544926803,0.8705008404210356,0.8798714512691486,-0.5878787878787878
Enrosadira 3 Edges,NDVI,50,Area,0.8565336363636362,0.094309409605791,0.0798609090909091,0.0309281258580423,0.2366700000000001,0.11035,0.1263200000000001,0.2772498189501702,0.1259990369112974,0.1512507820388728,4,5,0.2996200000000002,0.1482864804942438,1.0576269962960263,1.29966872088866,-0.1636363636363636
Enrosadira 4 Edges,NDVI,50,Area,0.8701772727272729,0.0778662278823458,0.0672581818181818,0.0211664001748912,0.1945300000000001,0.10245,0.09208,0.223722674755334,0.1161440774234042,0.1075785973319297,4,5,0.2201799999999999,0.1541414748848017,0.9876584039394866,0.9444430982781424,-0.5636363636363636
Enrosadira 5 Edges,NDVI,50,Area,0.8652118181818182,0.1059505346546906,0.0913509090909091,0.021305646413355,0.1680000000000001,0.08812,0.07988,0.1940394894617875,0.0998875290969089,0.0941519603648785,4,5,0.3088800000000004,0.2043357993197278,0.8593882170414612,1.225381993847297,-0.1272727272727272
Polonez 2 Bounded,NDVI,50,Area,0.8458636363636363,0.0704600187295888,0.0594045454545454,0.0104982602021824,0.1723899999999999,0.0779499999999999,0.0944399999999999,0.2054211858415755,0.0908935198807029,0.1145276659608725,5,4,0.2601399999999999,0.1740672714719893,0.6660826647420784,0.7149518332837995,-0.309090909090909
Polonez 3 Bounded,NDVI,50,Area,0.86232,0.0620565023850645,0.0533854545454545,0.0099944288117294,0.1587999999999999,0.0754199999999999,0.08338,0.1851488459077458,0.0864947897859156,0.0986540561218302,6,3,0.22229,0.1617065173943112,0.6930740176578197,0.6311419345352721,-0.0303030303030303
Polonez 4 Bounded,NDVI,50,Area,0.874190909090909,0.0486820659181167,0.0424945454545454,0.0057711201055537,0.1309099999999999,0.0610399999999999,0.0698699999999999,0.1494958387779443,0.0687778518318358,0.0807179869461084,4,5,0.1830899999999998,0.1504009285967478,0.6278161183837977,0.8972203893416723,0.0666666666666666
Polonez 5 Bounded,NDVI,50,Area,0.8808345454545453,0.0485262722845683,0.0426963636363636,0.0043150324975074,0.1355500000000002,0.0646100000000001,0.0709400000000001,0.1536256366616134,0.0723558832264726,0.0812697534351407,3,6,0.1891700000000004,0.1364823040848511,0.6875564068583733,0.9708365711284808,-0.006060606060606
Polonez 2 Edges,NDVI,50,Area,0.8308009090909092,0.0991760500449321,0.0812836363636363,0.0274220054965814,0.3139499999999997,0.1350699999999999,0.1788799999999998,0.3834492333016116,0.1585068120813691,0.2249424212202425,5,4,0.5196199999999996,0.1555371757320282,1.1438602281428192,1.2176535389317464,-0.4181818181818181
Polonez 3 Edges,NDVI,50,Area,0.8364245454545455,0.1208839228330754,0.1002781818181818,0.0292856547880295,0.2696300000000001,0.1371500000000001,0.13248,0.3292237257015274,0.1624496925206764,0.166774033180851,6,3,0.4047600000000001,0.1841743968589503,1.0607536395609098,0.997251064723986,-0.5757575757575757
Polonez 4 Edges,NDVI,50,Area,0.8500563636363637,0.1016267349112628,0.0858127272727272,0.02505924543593,0.2427399999999998,0.1239499999999999,0.1187899999999999,0.2872678297430391,0.1434094723166779,0.1438583574263612,5,4,0.3444599999999997,0.1619436612583636,1.064754325367161,1.4234727165532275,-0.6484848484848483
Polonez 5 Edges,NDVI,50,Area,0.8633927272727271,0.0798282027548514,0.068770909090909,0.0144508556525525,0.1622500000000002,0.0872100000000001,0.0750400000000001,0.186912994807759,0.0993086976805795,0.0876042971271794,4,5,0.2696200000000004,0.1559986381798712,0.8091010883932759,1.1393397987612162,0.1151515151515151
Enrosadira 2 Bounded,OSAVI,30,Area,0.6586381818181819,0.1011881528012773,0.0655918181818182,0.0252708954404792,0.3461999999999999,0.1553599999999999,0.19084,0.5362841665361167,0.2299004202519085,0.3063837462842081,4,6,0.51203,0.1398181928012012,0.7877171102853311,0.6851387672453376,-0.7939393939393938
Enrosadira 3 Bounded,OSAVI,30,Area,0.6888000000000001,0.0586034726825662,0.0400372727272727,0.0142102048478613,0.3278500000000001,0.15907,0.16878,0.4763797575660903,0.2240216798219894,0.2523580777441009,4,6,0.4131900000000001,0.1183081439566486,0.8023636429822916,0.6475878172646092,-0.5757575757575757
Enrosadira 4 Bounded,OSAVI,30,Area,0.6892827272727273,0.0502643199853855,0.0344936363636363,0.0064806037878075,0.2808699999999999,0.1453299999999999,0.13554,0.4049307073810569,0.2044186912332591,0.2005120161477978,5,5,0.3825200000000002,0.1317331733305417,0.7059253143702231,0.7361463507126691,-0.0787878787878787
Enrosadira 5 Bounded,OSAVI,30,Area,0.6998209090909092,0.0450596279832337,0.0313963636363636,0.0069139240272471,0.2295299999999999,0.1212299999999999,0.1082999999999999,0.3235581758739392,0.167447060930783,0.1561111149431561,5,5,0.3025399999999997,0.1486188367220847,0.5981003868791432,0.6741925842450035,0.2727272727272727
Enrosadira 2 Edges,OSAVI,30,Area,0.6006372727272726,0.2000594419905381,0.1172190909090909,0.0301770755556417,0.4575900000000001,0.2045300000000001,0.25306,0.7819649887178006,0.3252147432035165,0.4567502455142841,4,6,0.7481900000000001,0.1531723363129801,1.0170103446482353,1.1098431907765005,-0.3575757575757575
Enrosadira 3 Edges,OSAVI,30,Area,0.6391063636363636,0.1528294754773346,0.09569,0.0308340243886522,0.4209900000000001,0.21577,0.20522,0.6543749084687702,0.3215873092465747,0.3327875992221954,5,5,0.6166,0.134648567924335,0.994997855537772,0.8826339335448996,-0.1999999999999999
Enrosadira 4 Edges,OSAVI,30,Area,0.6416836363636363,0.1510460233914843,0.0957272727272727,0.0226621799882134,0.3853500000000001,0.20908,0.17627,0.5983543752327543,0.3146204711247491,0.2837339041080051,6,4,0.52026,0.1268598605313131,0.9113901241913388,0.702413089219651,-0.1878787878787878
Enrosadira 5 Edges,OSAVI,30,Area,0.6560781818181818,0.1434276204253172,0.0934445454545454,0.0179773097896411,0.3107599999999998,0.1699599999999999,0.1407999999999999,0.4629906487090934,0.2462783553070229,0.2167122934020704,4,6,0.4381499999999998,0.1508646000112563,0.7677727454142186,0.809312347949014,0.5272727272727272
Polonez 2 Bounded,OSAVI,30,Area,0.6591709090909091,0.0977343556827016,0.0633345454545454,0.0227878789551096,0.39234,0.19128,0.20106,0.5948732864682797,0.2794326511981548,0.3154406352701248,4,6,0.4537899999999999,0.1114169500858086,0.9240467020769504,0.5501681980644599,-0.5878787878787878
Polonez 3 Bounded,OSAVI,30,Area,0.6780536363636362,0.0799940737916494,0.0540390909090909,0.0092952637988875,0.3047499999999997,0.1566699999999998,0.1480799999999998,0.4481162936964611,0.2243647543480933,0.2237515393483678,4,6,0.4029099999999995,0.1252026065287043,0.7439814145944268,0.5599362427530027,-0.5393939393939393
Polonez 4 Bounded,OSAVI,30,Area,0.6852718181818183,0.0554307716482296,0.0378399999999999,0.0072191079781369,0.2750499999999999,0.1487999999999999,0.1262499999999999,0.3983208323630511,0.2114200022573387,0.1869008301057124,5,5,0.3345899999999995,0.1211219906439974,0.6915913707740129,0.4986611636201346,-0.4909090909090908
Polonez 5 Bounded,OSAVI,30,Area,0.68924,0.0540339981630317,0.0371336363636363,0.0055255230932958,0.2391599999999999,0.1256199999999999,0.1135399999999999,0.3428387354107937,0.1767588001241158,0.1660799352866778,5,5,0.26103,0.1272103026814512,0.6026115299994123,0.4396969789552565,0.6848484848484848
Polonez 2 Edges,OSAVI,30,Area,0.6176436363636365,0.1769066648746312,0.107300909090909,0.027013510861991,0.4326299999999999,0.1969499999999999,0.23568,0.7064580153935298,0.3044419946587438,0.402016020734786,4,6,0.5287200000000003,0.1133219421028152,0.9652394008284332,0.515717287901983,-0.5393939393939393
Polonez 3 Edges,OSAVI,30,Area,0.6242172727272728,0.1842074963878682,0.1142581818181818,0.0164559550425867,0.39115,0.19499,0.19616,0.6224620660701419,0.2970018193072246,0.3254602467629172,4,6,0.5851799999999998,0.135297090593918,0.8959576362855887,0.8031748919497281,-0.2969696969696969
Polonez 4 Edges,OSAVI,30,Area,0.6228381818181817,0.187352946346242,0.1160827272727272,0.0141804732579058,0.3553199999999999,0.18133,0.1739899999999999,0.5665447535590169,0.2765662920307316,0.2899784615282852,4,6,0.5747699999999999,0.1574935919742878,0.8181985760533456,0.8925432827976039,-0.2121212121212121
Polonez 5 Edges,OSAVI,30,Area,0.6457790909090909,0.1545962866146028,0.0995354545454545,0.0129678466706206,0.2430400000000001,0.1324200000000001,0.11062,0.370899287574584,0.1972173679323088,0.1736819196422752,4,6,0.3717000000000002,0.1572148807122075,0.577422206662757,0.6511284176471643,0.1272727272727272
Enrosadira 2 Bounded,OSAVI,50,Area,0.6518218181818182,0.0902468848231139,0.0582963636363636,0.0218807542249929,0.2162600000000001,0.08925,0.12701,0.334842185486089,0.1329883178514056,0.2018538676346833,4,5,0.3071100000000001,0.155125463423075,0.4744067173390227,0.5722951939752952,-0.309090909090909
Enrosadira 3 Bounded,OSAVI,50,Area,0.6861981818181818,0.049405410446625,0.0337172727272727,0.0145516357093689,0.2220800000000001,0.10888,0.1132,0.3242840038012682,0.1554967245234786,0.1687872792777896,5,4,0.2408800000000003,0.1277059018960896,0.5335804993470734,0.4883579411860013,-0.1393939393939393
Enrosadira 4 Bounded,OSAVI,50,Area,0.6839654545454544,0.0429232771482482,0.0292954545454545,0.0056412310068572,0.1914899999999999,0.1009999999999999,0.0904899999999999,0.2791847645996413,0.1445388943369003,0.1346458702627411,5,4,0.2565699999999998,0.1525485168094276,0.471793749130155,0.6288842526343557,0.0909090909090908
Enrosadira 5 Bounded,OSAVI,50,Area,0.69577,0.0381462155245167,0.02648,0.0047664305302815,0.20815,0.1142699999999999,0.09388,0.2970895663214035,0.1604185445530112,0.1366710217683923,4,5,0.2842300000000002,0.1448550085112612,0.5365085034115465,0.6810969536825064,0.1636363636363636
Enrosadira 2 Edges,OSAVI,50,Area,0.6009145454545455,0.1793276151422367,0.1055463636363636,0.0298177293812682,0.3225,0.1368599999999999,0.18564,0.5315082967977743,0.211952955840261,0.3195553409575133,2,7,0.4450799999999998,0.1677635661318429,0.7117151344756902,0.983153229933824,0.2242424242424242
Enrosadira 3 Edges,OSAVI,50,Area,0.6430390909090908,0.132675494634474,0.0837163636363636,0.0261328694454808,0.3375599999999999,0.18501,0.1525499999999999,0.5083216498108345,0.2687198737683964,0.239601776042438,3,6,0.51552,0.1898570596924844,0.8353787558409131,1.114087747733515,-0.0303030303030303
Enrosadira 4 Edges,OSAVI,50,Area,0.6382727272727273,0.1441087789975302,0.0909218181818181,0.0246279905060002,0.2944399999999997,0.1687199999999998,0.1257199999999998,0.4524912966813872,0.2527643442552896,0.1997269524260975,5,4,0.4298599999999996,0.1697263263666257,0.7108490113315233,0.8377104391805666,0.1757575757575757
Enrosadira 5 Edges,OSAVI,50,Area,0.6537218181818182,0.1314584500685522,0.0853436363636363,0.0180099274139166,0.2995099999999998,0.1706299999999999,0.1288799999999998,0.4521427127829966,0.2505312032595189,0.2016115095234777,4,5,0.4591799999999995,0.1553615053363495,0.7411562795985611,0.8589698447033521,-0.1636363636363636
Polonez 2 Bounded,OSAVI,50,Area,0.6509990909090909,0.0827055476184147,0.0535490909090909,0.0124760614414529,0.24577,0.12744,0.11833,0.3758944134023321,0.190629967984852,0.1852644454174801,5,4,0.2662300000000003,0.1341186574194693,0.5721374531684666,0.3734382461827528,0.1151515151515151
Polonez 3 Bounded,OSAVI,50,Area,0.6720536363636364,0.0691374384065422,0.0462736363636363,0.0094895914271661,0.2183100000000001,0.12059,0.09772,0.3239871427119117,0.1764304959542732,0.1475566467576385,5,4,0.2262999999999998,0.1273470044783178,0.5301510896813699,0.3407547288508833,-0.0909090909090908
Polonez 4 Bounded,OSAVI,50,Area,0.6783499999999999,0.047899335033685,0.03239,0.0062722404290651,0.1897899999999999,0.1086399999999999,0.0811499999999999,0.2775608865278635,0.157118831719734,0.1204420548081294,5,4,0.2118699999999999,0.1341113149202672,0.4747540651556499,0.483731531028942,0.0424242424242424
Polonez 5 Bounded,OSAVI,50,Area,0.6825190909090909,0.0474049035860207,0.0322627272727272,0.0033005881018663,0.2051899999999999,0.1138,0.0913899999999999,0.2978878783662538,0.1626706220640876,0.1352172563021661,4,5,0.27478,0.1431278874634113,0.5162816094196,0.6256364901337861,0.1515151515151515
Polonez 2 Edges,OSAVI,50,Area,0.6139736363636364,0.1575065680334679,0.095890909090909,0.0175931835973739,0.2998,0.13612,0.16368,0.4893576404565685,0.2116578584294746,0.2776997820270939,5,4,0.4028200000000003,0.1535814870576381,0.6614625831399281,0.6071660726417024,-0.006060606060606
Polonez 3 Edges,OSAVI,50,Area,0.6272518181818181,0.1570911720494915,0.0974090909090909,0.0213548394770578,0.3201099999999998,0.1782099999999998,0.1418999999999999,0.5074165218328679,0.2732223056518679,0.234194216181,4,5,0.4968999999999997,0.1650890042629195,0.751339552912531,0.9703408103686388,-0.1393939393939393
Polonez 4 Edges,OSAVI,50,Area,0.6285954545454545,0.1555526794106276,0.0968463636363636,0.0181342831524862,0.2970300000000002,0.1754900000000001,0.12154,0.4692713199547664,0.2707973204096044,0.1984739995451619,4,5,0.4424400000000003,0.1535721763720491,0.7011284926707524,0.8818220123185123,-0.3212121212121211
Polonez 5 Edges,OSAVI,50,Area,0.6425136363636365,0.1349369275702443,0.0863718181818181,0.0142296154678767,0.20828,0.13127,0.07701,0.3197575446390696,0.1988206552844103,0.1209368893546592,4,5,0.30282,0.1633561729348324,0.5096438800624361,0.6280739571214655,-0.0666666666666666
Enrosadira 2 Bounded,SIPI2,30,Area,0.930061818181818,0.0294890574213804,0.0273181818181818,0.0075548088237649,0.1252899999999996,0.0332099999999998,0.0920799999999998,0.1359758744346945,0.0352927390399422,0.1006831353947523,4,6,0.1560499999999994,0.1271197457703063,0.6678921194704169,0.9618365334105424,-0.2606060606060606
Enrosadira 3 Bounded,SIPI2,30,Area,0.9331963636363638,0.0261193434384586,0.0242636363636363,0.0074186201853542,0.1177300000000001,0.0327,0.08503,0.1269299601239194,0.0346789103249822,0.0922510497989372,4,6,0.14884,0.1152431046687129,0.6725364067112751,0.805946274089228,-0.3333333333333332
Enrosadira 4 Bounded,SIPI2,30,Area,0.935930909090909,0.0268314407166883,0.0250227272727272,0.0067399289178879,0.0973200000000003,0.0254700000000001,0.0718500000000001,0.1046658662604781,0.0269305624773626,0.0777353037831154,4,6,0.1293700000000006,0.1282696234421585,0.5537372546021296,0.6204927339074658,-0.2484848484848484
Enrosadira 5 Bounded,SIPI2,30,Area,0.9329554545454546,0.0261981526347243,0.0243345454545454,0.0061790846630166,0.1006399999999998,0.0196499999999999,0.0809899999999999,0.1087434977951586,0.020638185300324,0.0881053124948346,2,8,0.0955099999999994,0.1485120230524643,0.5017698441974536,0.819675025882533,0.006060606060606
Enrosadira 2 Edges,SIPI2,30,Area,0.9348390909090908,0.0359781409470401,0.03356,0.0079522349059871,0.1288600000000002,0.04455,0.0843100000000001,0.1383493251571103,0.0470112366925524,0.0913380884645578,4,6,0.1686600000000001,0.1245317014744248,0.9469371742230808,1.5608534935102654,0.0303030303030303
Enrosadira 3 Edges,SIPI2,30,Area,0.9341000000000002,0.0329344233448983,0.0306781818181818,0.0077073598828416,0.1170200000000001,0.03644,0.0805800000000001,0.1257721666244216,0.0386539796732961,0.0871181869511253,4,6,0.17569,0.1169178010025704,0.7283639039439673,1.0819538321482502,0.0303030303030303
Enrosadira 4 Edges,SIPI2,30,Area,0.9346527272727272,0.0310598272315576,0.0289590909090909,0.0061092642020876,0.1034899999999999,0.0302999999999999,0.0731899999999999,0.1112832926555942,0.0320835007831195,0.0791997918724747,4,6,0.13626,0.1254301876772362,0.6304346073073316,0.830264229499804,-0.0666666666666666
Enrosadira 5 Edges,SIPI2,30,Area,0.9341536363636362,0.0317856802008219,0.0295836363636363,0.006965288612437,0.09476,0.01876,0.076,0.1022976051469218,0.0196982366628988,0.082599368484023,2,8,0.0867399999999999,0.1609892784615409,0.4770564373165116,0.8095457223603664,0.0181818181818181
Polonez 2 Bounded,SIPI2,30,Area,0.9224281818181818,0.0323162999207421,0.0296636363636363,0.0088574197966758,0.1660299999999998,0.0526399999999999,0.1133899999999998,0.181539613559208,0.0564430579684485,0.1250965555907595,4,6,0.2080999999999995,0.1183982634176921,0.9134551592749642,1.1322830432720326,-0.0909090909090908
Polonez 3 Bounded,SIPI2,30,Area,0.9259490909090908,0.029093971663659,0.0268563636363636,0.0060347647389558,0.1337999999999998,0.0411499999999999,0.0926499999999999,0.1454483121501292,0.0440171846761311,0.1014311274739981,4,6,0.1805499999999996,0.1190646973261745,0.7368357528670294,0.9898621972124412,-0.1757575757575757
Polonez 4 Bounded,SIPI2,30,Area,0.92875,0.0283717568934342,0.0262627272727272,0.0059414158092311,0.1286600000000003,0.0368500000000001,0.0918100000000001,0.1399022897064579,0.0393615627822153,0.1005407269242426,4,6,0.1681700000000004,0.1308934826640643,0.6806340327633462,0.8793673904776896,-0.4666666666666666
Polonez 5 Bounded,SIPI2,30,Area,0.9301854545454544,0.0270272540662808,0.0250163636363636,0.0068045459403655,0.10022,0.01663,0.08359,0.1097435841693905,0.0177107163387093,0.0920328678306811,3,7,0.08925,0.1929159361677306,0.3674780939745437,0.4147815206431898,-0.0181818181818181
Polonez 2 Edges,SIPI2,30,Area,0.9263972727272728,0.037919533586045,0.0349918181818181,0.0107203645630004,0.1618499999999999,0.05523,0.1066199999999999,0.1756174784020351,0.0590164132594944,0.1166010651425407,4,6,0.1948899999999999,0.1077317496978718,0.9867013685291242,1.2995477334669554,-0.1272727272727272
Polonez 3 Edges,SIPI2,30,Area,0.9308272727272726,0.0361658403800476,0.0335918181818181,0.0060921044281624,0.1254700000000002,0.0398,0.0856700000000001,0.1355430207344861,0.042276504093516,0.09326651664097,4,6,0.18374,0.1248567202890573,0.776837698891166,1.054107936039577,-0.309090909090909
Polonez 4 Edges,SIPI2,30,Area,0.9327545454545456,0.0343051032475094,0.0319254545454545,0.0048340570200119,0.11343,0.03156,0.08187,0.1226026894542834,0.0334768858476897,0.0891258036065936,4,6,0.1470800000000001,0.1280461663262789,0.6456426362448409,0.7158932484432952,-0.3333333333333332
Polonez 5 Edges,SIPI2,30,Area,0.9309936363636364,0.0311197758729831,0.0288563636363636,0.0058036096917819,0.1061999999999999,0.0197699999999999,0.08643,0.1159820112965527,0.0209893820000251,0.0949926292965275,3,7,0.1013699999999994,0.1665644894152031,0.4399029981327549,0.5036707106686976,-0.2727272727272727
Enrosadira 2 Bounded,SIPI2,50,Area,0.9302163636363636,0.0259509546753401,0.0240490909090909,0.0061767960214749,0.0942599999999997,0.0176099999999999,0.0766499999999998,0.1027113483124723,0.018663679517214,0.0840476687952583,3,6,0.1031099999999997,0.1826669185983726,0.3991024196050426,0.5807299546484761,-0.2242424242424242
Enrosadira 3 Bounded,SIPI2,50,Area,0.9302118181818184,0.0235632588769987,0.0218290909090909,0.0059334955204254,0.0912899999999997,0.0156099999999999,0.0756799999999998,0.0993853722792767,0.0166449692391645,0.0827404030401121,2,7,0.0871199999999997,0.1698070046522602,0.3338278155439771,0.53654050286481,-0.2969696969696969
Enrosadira 4 Bounded,SIPI2,50,Area,0.9343263636363636,0.0245071193359676,0.0228272727272727,0.0054705321329996,0.0799799999999999,0.0135699999999999,0.0664099999999999,0.0864530959898465,0.0143860183869467,0.0720670776028998,2,7,0.0679299999999999,0.1472247281625358,0.3113892926664947,0.489374800104265,-0.5272727272727272
Enrosadira 5 Bounded,SIPI2,50,Area,0.9327527272727272,0.0229665949476639,0.0213481818181818,0.004524747104937,0.09616,0.0185899999999999,0.07757,0.1038131667092199,0.0194980024773685,0.0843151642318513,1,8,0.0923000000000001,0.1489275534951454,0.4834906167666905,0.8329593101181876,-0.0909090909090908
Enrosadira 2 Edges,SIPI2,50,Area,0.9337854545454544,0.0340783622411951,0.031760909090909,0.0068115203215515,0.0904300000000002,0.0268600000000001,0.0635700000000001,0.0974449559346019,0.0283732178975341,0.0690717380370677,3,6,0.1007400000000003,0.1693759119517057,0.5741020969074916,0.8741109119587731,-0.0545454545454545
Enrosadira 3 Edges,SIPI2,50,Area,0.9295963636363634,0.0309994365424779,0.0287536363636363,0.0049789984388976,0.09618,0.0228,0.07338,0.1042599445222018,0.0242616768548677,0.0799982676673341,2,7,0.1034700000000001,0.1403032307422818,0.4585682102453657,0.7793525724096618,-0.309090909090909
Enrosadira 4 Edges,SIPI2,50,Area,0.9321118181818184,0.0296531668194468,0.0275872727272727,0.0038508494930575,0.0831599999999999,0.0175899999999999,0.0655699999999999,0.0900395790655113,0.0186699440040605,0.0713696350614507,2,7,0.0724599999999997,0.1521873722450924,0.3755093502324771,0.6192378759893153,-0.3818181818181818
Enrosadira 5 Edges,SIPI2,50,Area,0.933198181818182,0.0292563933228499,0.0272436363636363,0.0037225724243519,0.0899699999999997,0.0187299999999999,0.0712399999999998,0.0971298654795881,0.0196391205645896,0.0774907449149985,2,7,0.0879099999999997,0.1591233608564939,0.4824584632664171,0.8262197625575047,-0.1272727272727272
Polonez 2 Bounded,SIPI2,50,Area,0.9231109090909092,0.027273183231102,0.0251136363636363,0.0040096764775409,0.09688,0.01967,0.07721,0.1066142035122272,0.021052300060156,0.0855619034520712,3,6,0.1100600000000001,0.2029287127494245,0.3859737499563686,0.5987615347047395,0.0303030303030303
Polonez 3 Bounded,SIPI2,50,Area,0.9236972727272728,0.0258026579901236,0.0237845454545454,0.0037738955036841,0.07143,0.00905,0.0623799999999999,0.0787227860903267,0.0097390920262475,0.0689836940640792,4,5,0.0588999999999999,0.2605062136472515,0.1969116165825076,0.2353106028779032,-0.1878787878787878
Polonez 4 Bounded,SIPI2,50,Area,0.9270618181818182,0.0250930617542579,0.0232063636363636,0.0039098779334584,0.0718599999999999,0.0064499999999999,0.0654099999999999,0.079231972727697,0.0069094406195796,0.0723225321081174,2,7,0.06262,0.3021294769516972,0.1693227298216351,0.2387806478269269,-0.2242424242424242
Polonez 5 Bounded,SIPI2,50,Area,0.9309645454545452,0.023651021801046,0.0219463636363636,0.0042369122547611,0.0780499999999998,0.0083999999999999,0.0696499999999998,0.0854458901913134,0.0088962223886144,0.0765496678026989,1,8,0.0702399999999996,0.2237636069127322,0.2271385780050968,0.3446778400197236,-0.1272727272727272
Polonez 2 Edges,SIPI2,50,Area,0.9271154545454544,0.0324669501872478,0.0300245454545454,0.0063158409790563,0.0888999999999997,0.0204899999999998,0.0684099999999998,0.0970850709010314,0.0218504645553216,0.0752346063457098,4,5,0.1183699999999993,0.2085805640999041,0.4061460325048084,0.6123086626701291,-0.006060606060606
Polonez 3 Edges,SIPI2,50,Area,0.928088181818182,0.0323992732372345,0.0300254545454545,0.0039439659319937,0.0876299999999999,0.01654,0.0710899999999999,0.0957809252641566,0.0176972252536903,0.0780837000104662,3,6,0.0710900000000001,0.1908127718796921,0.3317399365689907,0.3419246698422605,-0.1393939393939393
Polonez 4 Edges,SIPI2,50,Area,0.929911818181818,0.0312303251192363,0.0289854545454545,0.0034855225250638,0.0873399999999999,0.01385,0.0734899999999999,0.0953882159020527,0.0147690330484641,0.0806191828535886,3,6,0.0725,0.1873765284515938,0.3033096729156356,0.351626722860313,-0.2606060606060606
Polonez 5 Edges,SIPI2,50,Area,0.9314445454545456,0.0274605564262771,0.0255072727272727,0.0036187845774765,0.0859999999999999,0.01061,0.0753899999999999,0.0940777349093323,0.0112098266121917,0.0828679082971406,1,8,0.0775500000000004,0.2043624121146569,0.2811448980749436,0.4409218185737789,-0.2484848484848484
